coding,precision@1,recall@1,precision@3,recall@3,precision@5,recall@5,precision@10,recall@10,precision@30,recall@30
ccs,0.6490666666666667,0.06886591915057882,0.5942222222222215,0.177693125612441,0.5606399999999975,0.2657015454827262,0.5105432804232801,0.40216689791566584,0.4656350847666661,0.4976857222121622
icd9chapters,0.8933333333333333,0.15002129278129236,0.807200000000003,0.3769339312539321,0.7466222222222137,0.5197944100344091,0.6927153439153452,0.6666708069708083,0.6833293529128829,0.6890729692529698
